"THE_TE_UID_1","THE_TE_UID_2"
68550,71423
68551,71367
68552,91656
68562,70918
68565,104173
68599,68596
68616,70741
68677,87746
68711,93030
68718,92358
68761,68765
68761,70309
68763,70309
68763,68765
68764,68765
68764,70311
68770,68765
68772,68765
68772,70309
68809,93370
68813,78227
68847,91237
68849,68812
68902,68892
68912,68911
68913,68911
68929,71518
68931,103392
68936,68942
68937,68933
68938,68939
68940,103392
68941,68942
68953,71378
68956,71498
68968,71409
68982,68854
68982,70401
68992,70401
68992,68977
68993,70401
68993,68998
69003,97280
69030,71392
69054,91279
69145,70720
69151,69152
69169,71229
69169,71202
69202,71740
69243,69244
69246,92924
69248,69247
69269,69268
69282,69283
69286,87137
69293,69271
69294,69271
69295,71815
69300,69116
69344,78209
69349,68924
69351,92319
69372,87459
69390,94214
69405,91516
69412,129043
69413,87776
69436,71740
69437,69094
69460,76689
69934,71554
69972,70371
69972,69967
69983,70061
69983,70371
69984,70426
69984,70061
69989,70061
69989,69987
70013,70015
70013,70008
70013,70016
70013,70014
70013,70011
70022,70018
70023,70036
70059,70057
70066,70003
70066,70047
70066,70004
70066,70046
70067,70003
70067,70046
70067,70047
70067,70004
70073,70046
70105,92762
70106,92762
70112,93014
70127,70150
70132,93582
70141,91101
70200,70178
70201,70179
70218,71373
70230,91335
70231,93079
70246,71193
70246,70245
70258,91322
70289,70432
70307,71324
70418,91528
70427,93281
70444,70810
70446,71413
70447,71511
70470,70354
70471,70378
70472,70379
70473,70380
70474,70412
70476,68545
70477,103392
70478,68700
70479,70205
70480,70209
70481,70264
70482,68634
70483,68634
70485,68544
70486,69333
70487,69049
70489,68646
70491,70488
70494,68709
70495,68709
70497,70498
70499,68811
70503,69962
70506,68660
70511,70355
70513,68578
70515,70309
70521,93887
70524,68814
70525,70120
70525,70153
70526,70153
70526,70177
70528,69138
70529,68907
70530,68818
70531,93030
70532,93030
70533,93030
70534,93030
70535,70153
70535,70166
70535,70135
70535,70120
70536,70166
70536,70135
70536,70153
70536,70490
70537,70177
70537,69975
70537,70153
70538,70166
70538,70153
70538,70177
70539,70153
70539,70177
70540,70153
70540,70120
70541,70177
70541,70153
70549,69115
70552,68836
70553,68836
70554,69929
70555,69081
70556,68916
70557,70000
70557,70044
70559,70000
70560,70054
70561,68560
70565,68712
70567,68712
70568,68824
70569,68827
70572,68961
70573,69965
70574,68744
70575,69965
70576,70167
70576,70154
70576,70120
70577,70167
70577,70490
70577,70154
70578,70154
70578,69975
70578,70177
70579,70177
70579,70167
70579,70154
70580,68932
70581,68932
70583,71815
70584,69179
70585,69180
70586,69180
70587,69180
70588,68925
70591,70155
70592,70331
70597,70323
70598,70323
70599,70323
70600,70323
70602,70331
70603,70331
70604,70331
70605,70331
70609,68642
70610,91279
70613,70981
70614,70214
70615,70214
70616,70120
70616,70137
70619,70270
70620,68590
70624,70064
70625,70053
70626,70256
70627,69990
70628,91656
70629,91656
70630,68735
70633,69254
70634,69204
70636,70635
70643,70288
70644,70288
70645,70288
70647,70432
70649,68933
70650,69215
70651,70259
70652,70026
70653,70026
70654,70150
70655,70177
70655,70156
70656,70156
70657,68833
70658,68838
70659,68841
70661,69975
70662,68797
70663,69978
70664,69978
70665,70018
70665,70384
70666,70384
70666,68977
70667,70124
70669,70119
70669,70152
70669,70165
70669,70134
70671,70053
70672,70053
70673,68636
70674,69093
70675,70223
70678,68768
70679,68768
70680,70064
70681,70064
70682,70064
70683,70064
70684,69970
70685,69967
70686,69967
70691,68601
70693,68569
70694,69084
70695,94214
70696,69980
70697,70029
70702,70071
70703,70071
70704,70120
70704,70157
70704,70168
70705,70168
70705,70177
70705,70157
70706,69992
70707,68915
70708,68754
70709,68908
70710,68908
70713,68613
70714,68735
70715,70460
70716,69939
70717,70120
70717,70169
70717,70158
70718,70158
70718,70177
70718,70169
70722,68762
70725,69146
70726,68558
70728,70175
70729,68615
70730,68739
70731,70190
70732,68661
70734,70382
70735,68652
70736,68855
70737,68908
70738,70165
70738,70134
70738,70119
70738,70152
70739,70374
70740,70374
70740,70396
70742,70064
70743,70270
70744,68580
70745,68580
70747,68555
70749,68653
70752,68928
70754,68785
70755,68947
70756,68947
70757,68725
70758,68653
70759,68944
70760,70412
70761,69987
70762,69987
70764,69987
70765,69987
70766,69987
70767,69987
70769,69987
70770,68853
70771,69994
70772,71421
70773,70145
70774,70145
70776,68558
70778,68882
70779,70355
70783,70352
70784,70117
70785,68586
70786,68586
70787,68590
70791,70376
70792,97280
70794,70462
70794,91817
70794,70445
70798,69125
70800,70177
70800,70170
70801,68838
70802,69356
70803,68558
70804,70441
70805,70441
70806,70443
70807,69099
70811,70266
70812,70266
70813,68727
70817,70100
70818,68869
70819,70006
70820,69093
70822,69369
70823,69369
70828,68638
70829,68638
70831,69464
70832,68854
70834,68854
70835,68854
70836,68854
70837,68854
70838,68854
70840,68981
70841,70354
70843,71483
70844,70237
70845,70237
70846,68917
70849,69101
70853,68625
70853,70426
70854,68633
70855,68866
70860,68867
70862,68593
70863,68600
70864,68600
70866,70053
70867,129043
70868,70035
70869,94214
70870,94214
70871,70445
70872,70445
70873,70445
70874,70445
70875,70445
70878,68996
70880,69013
70881,70138
70881,70177
70883,69225
70887,68868
70889,68877
70890,68877
70892,70336
70893,70192
70894,70171
70894,70120
70895,70140
70897,68882
70898,68882
70900,69321
70901,69321
70902,69321
70907,70354
70907,68594
70910,70139
70910,70159
70910,70177
70911,69367
70911,93818
70913,69366
70916,69091
70917,69088
70919,70239
70921,70160
70921,70177
70922,68646
70923,69150
70924,70081
70925,70053
70927,68927
70928,68927
70929,68885
70931,68791
70932,70283
70934,70283
70937,69152
70938,69152
70940,68977
70942,68680
70942,87136
70942,70943
70944,70247
70951,69456
70953,70229
70955,70203
70957,70097
70958,68768
70959,70000
70960,70085
70961,70203
70962,68973
70964,68642
70969,92267
70970,71546
70971,70263
70972,70263
70974,71546
70978,70175
70979,68793
70980,68928
70982,68951
70983,70000
70985,70031
70986,68601
70987,69112
70988,68964
70990,68964
70991,68986
70992,69369
70995,69200
70996,69001
70997,68794
70999,70100
71000,70100
71001,70100
71002,70018
71003,69263
71005,69236
71007,69109
71008,69237
71009,68639
71011,70905
71012,69110
71013,69110
71014,68733
71015,69203
71017,69980
71020,69274
71021,70000
71022,69024
71024,68999
71026,93194
71027,69033
71028,70190
71029,68858
71030,70190
71031,70190
71032,68859
71034,71511
71035,92453
71036,68717
71037,69218
71038,68868
71038,68881
71039,68881
71043,70241
71044,68952
71046,68626
71047,70378
71048,68890
71049,68890
71050,68988
71056,70185
71060,69162
71062,68626
71063,68626
71064,68626
71066,68653
71067,68948
71069,69024
71072,70185
71073,70064
71074,91581
71075,91833
71076,68765
71077,91583
71078,68704
71079,70185
71081,69337
71083,69347
71085,70119
71086,70185
71087,70089
71088,70315
71089,69952
71090,68841
71091,68842
71092,70382
71093,70382
71094,70263
71095,68858
71097,70165
71101,70053
71103,68645
71105,68639
71106,68639
71107,69101
71108,68998
71109,68990
71112,69111
71114,68744
71116,70185
71119,68607
71121,68747
71122,69032
71128,69157
71129,69158
71130,69158
71131,68899
71134,92358
71135,70180
71140,68660
71141,69086
71142,70398
71147,69001
71147,159195
71148,159195
71148,68750
71150,68650
71151,68650
71152,69715
71153,69161
71154,69247
71158,68734
71161,68723
71162,68901
71163,69093
71168,68881
71168,68868
71170,70161
71170,70120
71171,70172
71171,70161
71171,70177
71174,70450
71175,70450
71176,68800
71181,71182
71183,69465
71184,68661
71184,162892
71186,70241
71192,70240
71194,70247
71201,70364
71203,68975
71204,68665
71205,68628
71207,70460
71208,70467
71209,70264
71211,68957
71212,69375
71213,70010
71214,68911
71217,68873
71219,87776
71220,70010
71220,70054
71221,70283
71224,69165
71225,70181
71226,68976
71228,69167
71230,69167
71231,70270
71233,70162
71233,70120
71234,68994
71237,69323
71240,68686
71243,70459
71246,69072
71247,68571
71249,68839
71250,68571
71255,68571
71256,69005
71257,69288
71258,68608
71259,68804
71260,69006
71261,69006
71263,70173
71263,70177
71264,70412
71265,70412
71266,69292
71267,68859
71269,70190
71273,69302
71274,69326
71276,70390
71277,70054
71277,70017
71279,68775
71280,69373
71281,69297
71282,70188
71287,69402
71288,69401
71291,68652
71294,69317
71297,69079
71298,70198
71299,70428
71301,70163
71301,70120
71302,70177
71302,70163
71305,70281
71306,70282
71307,68959
71308,70269
71310,68840
71312,93612
71314,69046
71315,69044
71316,70177
71316,70164
71318,70056
71319,68987
71320,70058
71326,68653
71327,68653
71332,70466
71333,68652
71337,68928
71338,69301
71339,68657
71358,70083
71360,91656
71370,71374
71382,68553
71389,68765
71395,70093
71397,71423
71400,68969
71400,69001
71403,68954
71407,91656
71420,69987
71426,93211
71435,68901
71438,91656
71451,68748
71452,68779
71452,68803
71461,71503
71470,91656
71472,69332
71474,68722
71479,71054
71482,143781
71488,71422
71536,87457
71537,71423
71542,71359
71544,91430
71551,71741
71552,91228
71553,70260
71555,70413
71555,69343
71570,93104
71570,91085
71570,91935
71570,91696
71570,93525
71575,69377
71576,68928
71583,68700
71583,69967
71592,70249
71601,68699
71601,71599
71605,71384
71611,71391
71621,70370
71625,71503
71625,71812
71631,71528
71633,70229
71646,71531
71648,70152
71648,70372
71650,68709
71650,69967
71651,68928
71654,69967
71654,68716
71655,70120
71655,69967
71655,70177
71662,71603
71669,93286
71670,147269
71672,90421
71679,68734
71680,92772
71691,71359
71691,70466
71704,93463
71706,68833
71706,70371
71707,70450
71710,71558
71711,93746
71714,68723
71714,69967
71720,68706
71727,93397
71727,68928
71727,70413
71728,71579
71730,93030
71732,68807
71733,68803
71735,70259
71738,71377
71748,71398
71749,68571
71750,70349
71760,68709
71764,71359
71764,92616
71772,70976
71772,70152
71773,68686
71777,68971
71786,70405
71789,92640
71792,93510
71796,68754
71800,90199
71804,68641
71804,68973
71821,69389
71837,69452
71837,70288
71858,71834
74788,93475
74792,69946
77322,71768
78148,69101
78151,97276
78157,78156
78159,78158
78160,78143
78190,78189
78192,69063
78195,69157
78212,78211
78232,68657
78239,93121
78268,68735
78269,71372
78316,70264
78332,71483
78489,70270
78874,68704
78878,92849
78883,92437
78917,87165
78923,79032
78931,78930
78934,78906
78953,118633
78990,82915
79005,79121
79020,111793
79038,109033
79048,79032
79068,79069
79088,79086
79111,79086
79112,78889
79113,79086
79182,111794
79190,78961
79232,109273
80443,91285
82760,83581
82792,84569
82890,100213
82893,91540
83103,78958
83111,79101
83211,70943
83213,109173
83243,91516
83248,83212
83249,93588
83350,69222
83352,91296
83352,100541
83548,78905
83570,83569
83625,83624
83629,68600
83630,68600
83818,111773
83874,78929
83989,84110
83990,164106
83990,68641
84112,93166
84229,91971
84257,84146
84257,87450
84285,79101
84572,82798
84597,93588
84616,91180
84617,69245
84701,68698
84701,92359
85632,79132
86342,86416
86504,69470
86505,92102
86506,92102
86507,92102
86508,92102
87146,87945
87399,93574
87466,69365
87472,69100
87476,69369
87498,71484
87500,87511
87504,71379
87512,71808
87520,71829
87526,71826
87648,69320
87657,69223
87661,69223
87662,69149
87676,69357
87678,69469
87678,90198
87679,68709
87684,69452
87686,71627
87695,68971
87708,90291
87709,74805
87716,71374
87722,71627
87726,68754
87728,71677
87729,71677
87734,92762
87738,71666
87748,90519
87761,92648
87767,92486
87771,90198
87771,69469
87777,93220
87804,69451
87804,69370
87810,69118
87810,70371
87820,69469
87824,69288
87824,71359
87935,71647
87941,71834
87960,100510
87961,97291
88506,78897
88548,79101
88688,79101
90110,79181
90117,92215
90327,68803
90916,68814
90954,71432
90962,70219
90974,91680
90975,70120
90975,68547
90976,70214
90976,70120
90977,69980
90977,70120
90978,70120
90978,70371
90979,70372
90979,70120
90980,68969
90980,70120
90981,70116
90984,71687
90985,92722
90991,93370
90992,93370
90993,92970
90993,69048
90994,71671
90998,68709
90999,68709
91000,68709
91001,68709
91007,71415
91008,71515
91009,68821
91010,160366
91011,71324
91012,87802
91014,71324
91015,69049
91018,91883
91019,92610
91020,87802
91021,93542
91024,90115
91026,92690
91029,91030
91035,69962
91037,71639
91039,71627
91048,69176
91049,71659
91051,69012
91054,71808
91056,68803
91057,68578
91058,71508
91060,71444
91061,70432
91062,70432
91063,78872
91064,78872
91067,91792
91070,69245
91072,93286
91073,68821
91074,92617
91075,162932
91076,69218
91077,71687
91080,69013
91081,92617
91083,71705
91084,93456
91086,68778
91089,71572
91090,68709
91091,93030
91096,91095
91097,92767
91098,93595
91100,91099
91102,70125
91103,93642
91105,71514
91106,71514
91110,91104
91112,87808
91113,91914
91115,68928
91116,68923
91118,70094
91119,69427
91121,91120
91128,91127
91129,71572
91129,91127
91130,71554
91131,71554
91133,71825
91134,71639
91135,71825
91136,71825
91137,69964
91138,68916
91141,68820
91142,68821
91143,92472
91144,71361
91146,69420
91147,68823
91149,68823
91150,70433
91151,91156
91152,70433
91155,68804
91155,68796
91157,68709
91158,68709
91158,69967
91159,68822
91161,71483
91162,70449
91163,69967
91163,68709
91164,68574
91166,92585
91167,91783
91170,69965
91175,70126
91177,68570
91187,69008
91188,92233
91190,69092
91192,93868
91194,71756
91197,69404
91198,69404
91199,69404
91200,69404
91201,69404
91202,69140
91203,69140
91207,71661
91208,90322
91210,71534
91211,71681
91212,92741
91214,69180
91215,69088
91216,71473
91217,69052
91221,69211
91222,69439
91223,69935
91224,92553
91225,68822
91227,71591
91229,69128
91230,68810
91232,87656
91233,70070
91234,70155
91235,70155
91236,91180
91238,69400
91241,68754
91242,71434
91247,91246
91248,91246
91249,69012
91250,68924
91251,70595
91252,70264
91253,69128
91254,68803
91255,91656
91256,159185
91260,159185
91263,68719
91263,90116
91264,68719
91265,71367
91266,69212
91267,68801
91268,71367
91269,69715
91271,71579
91272,71359
91273,70413
91273,69121
91274,93696
91275,68642
91280,71500
91283,91059
91284,91285
91288,70214
91289,70566
91291,91292
91293,93286
91299,69252
91303,71572
91304,91656
91308,92081
91310,70053
91311,70256
91313,92585
91314,68545
91316,104173
91317,91322
91318,68924
91323,68781
91324,69435
91324,70720
91325,69204
91326,71632
91331,70432
91332,87743
91333,71712
91336,71378
91339,70288
91339,68959
91340,68959
91340,70288
91344,69141
91345,91346
91349,68933
91350,68933
91351,68933
91356,71377
91358,92700
91360,70070
91365,71577
91366,71377
91367,70417
91369,70259
91372,70260
91373,70260
91375,103212
91380,69216
91381,68833
91381,70372
91382,68841
91385,91041
91387,68807
91388,93569
91390,71688
91391,69975
91392,69975
91392,70177
91393,93162
91394,71638
91395,71582
91396,71639
91397,91220
91399,87808
91404,91046
91405,68822
91406,93286
91407,68702
91408,91409
91410,71374
91411,69144
91416,70053
91416,68641
91419,71588
91420,91418
91421,91418
91422,91418
91424,71182
91427,68782
91428,87929
91429,71659
91431,91827
91433,93020
91435,71751
91437,91881
91441,69144
91448,91656
91451,68734
91456,92823
91462,92358
91463,71755
91464,68928
91465,71688
91468,71627
91469,92819
91471,69122
91473,69122
91474,69431
91475,69938
91480,91477
91482,68833
91483,68712
91484,71455
91485,68916
91486,71455
91487,71455
91488,71311
91491,92157
91493,70342
91499,92929
91501,70243
91502,94214
91503,69965
91505,69307
91507,70278
91512,69317
91515,68803
91519,93588
91520,70490
91520,70158
91520,70169
91522,70129
91524,69098
91525,71441
91527,91528
91533,70350
91534,71500
91535,71516
91538,70350
91539,69386
91541,87928
91542,87827
91544,93608
91545,68880
91546,92448
91551,91550
91554,93527
91555,93527
91556,93527
91557,93527
91559,92267
91562,71762
91562,88556
91562,71659
91562,68697
91564,93020
91565,71687
91566,91563
91567,78797
91568,70720
91568,69097
91569,70720
91569,92640
91571,69435
91571,70720
91572,71516
91573,70720
91573,71483
91574,71671
91577,68783
91580,71833
91582,69715
91584,69715
91584,68765
91587,91585
91589,69980
91591,93746
91596,69941
91599,69218
91602,69124
91603,71639
91604,92762
91605,71627
91606,91476
91609,71568
91613,69967
91613,70120
91613,70177
91614,70120
91614,70177
91614,69980
91615,93684
91616,91389
91619,71755
91621,69422
91622,69271
91624,93141
91625,91006
91626,68954
91627,87457
91628,87457
91631,71658
91632,71455
91633,70430
91634,71391
91635,71515
91638,90115
91638,68716
91643,71455
91645,68947
91647,71455
91648,68735
91649,71434
91650,68743
91652,68725
91653,68582
91654,68798
91657,71658
91664,68557
91666,69967
91666,70078
91668,69944
91669,92453
91670,147272
91671,91672
91687,91686
91688,71391
91689,71671
91691,69450
91693,82817
91700,68934
91701,68934
91705,68803
91705,68781
91706,68822
91710,93470
91711,68806
91713,71741
91715,71444
91716,92783
91721,68557
91723,71741
91725,71504
91726,69973
91727,71627
91728,71627
91729,71627
91732,69125
91734,71434
91738,69451
91738,69362
91742,69451
91742,70454
91743,69451
91743,70241
91746,69451
91746,70422
91747,88199
91748,70426
91748,69451
91749,69451
91749,68806
91750,71708
91753,69453
91754,70332
91754,69453
91755,93260
91756,69453
91756,70371
91757,69453
91757,70372
91758,71359
91758,69453
91760,69453
91760,70413
91761,92215
91762,93470
91764,68603
91765,87144
91766,91045
91768,94009
91772,104173
91774,71617
91775,70342
91776,71529
91777,69452
91779,68973
91779,68641
91780,87776
91782,68558
91785,70441
91786,69370
91787,69099
91789,68803
91790,68803
91793,91352
91796,71278
91799,68812
91800,69203
91801,69422
91802,71827
91803,69100
91804,70429
91805,71500
91806,70612
91808,87938
91810,71528
91812,92760
91815,71484
91816,71484
91818,70462
91824,71504
91826,69973
91828,71636
91829,71455
91830,92913
91838,69422
91839,69369
91840,69369
91841,69938
91843,93072
91845,69247
91848,92447
91850,92112
91851,92112
91853,68803
91855,68928
91857,93337
91858,93337
91860,68701
91861,71675
91864,92289
91865,68775
91866,71572
91868,71398
91868,68560
91870,71579
91872,71398
91873,71398
91874,69435
91874,91867
91876,93269
91877,69942
91878,69973
91884,90322
91886,91885
91888,71415
91893,69013
91894,69317
91898,71379
91899,92009
91900,68971
91900,69118
91901,71579
91902,71579
91903,71516
91906,68789
91908,68592
91911,71515
91912,70976
91912,70120
91912,70177
91915,70810
91920,91919
91928,92358
91934,84599
91937,71687
91940,71572
91943,91942
91945,69133
91946,87689
91949,87689
91950,69133
91956,71701
91958,87927
91962,93533
91965,91964
91968,92585
91972,70445
91975,91973
91977,91982
91978,68803
91981,69012
91983,140495
91987,68582
91988,68582
91989,68742
91990,70138
91990,70490
91999,91239
92000,92884
92001,71535
92001,71809
92002,69944
92004,70083
92008,71671
92011,69225
92012,69225
92013,69221
92015,68719
92016,69967
92016,68719
92017,92827
92019,68569
92021,92023
92021,146429
92022,92023
92022,146429
92024,92023
92025,70405
92026,69973
92027,68701
92028,71434
92029,99660
92031,68709
92032,71673
92033,71673
92034,68806
92035,92007
92036,92310
92037,71627
92038,70140
92038,69980
92039,69980
92039,70140
92040,70372
92040,70140
92042,69274
92044,92043
92045,92153
92047,69321
92050,68789
92054,69175
92056,70370
92057,91509
92063,68926
92064,71398
92065,71398
92066,71398
92067,69954
92069,69313
92072,69037
92075,71398
92076,87924
92076,68641
92079,68641
92079,71405
92082,69018
92084,92086
92085,92086
92090,71398
92091,71398
92094,92611
92095,92611
92099,87940
92105,69365
92106,70372
92106,69967
92107,68971
92108,68971
92109,68971
92113,68685
92115,71695
92117,92007
92118,70130
92119,92267
92121,92267
92123,71666
92124,90116
92124,68719
92126,69091
92128,69092
92129,93588
92131,92130
92132,71685
92133,92130
92134,68569
92136,71671
92140,70160
92140,70490
92146,71708
92147,92145
92148,68838
92149,71504
92151,132373
92152,71473
92154,70277
92155,71473
92159,69071
92159,69392
92161,92160
92162,69022
92163,70277
92164,111513
92165,92611
92167,70283
92168,70283
92169,68706
92170,71658
92172,92175
92173,92741
92174,91348
92179,93266
92183,71729
92184,88215
92186,93338
92187,91944
92188,68765
92189,91656
92192,100224
92196,147272
92198,68706
92199,91322
92200,68952
92201,90214
92202,69440
92205,92467
92207,68803
92208,87917
92209,71579
92210,71497
92211,68713
92212,68713
92219,71828
92224,68569
92225,68569
92226,93020
92227,93020
92231,92230
92234,69401
92237,91849
92239,93598
92241,93266
92245,143476
92246,68570
92247,68570
92251,90116
92252,71503
92253,147270
92254,71671
92259,68564
92264,68822
92266,71808
92269,71546
92274,93818
92275,91046
92277,92276
92278,93397
92283,69410
92287,71379
92293,68716
92293,68969
92297,91563
92301,71054
92303,68723
92304,68723
92305,92358
92306,92861
92308,92145
92312,68602
92315,69183
92316,69183
92317,92313
92318,82817
92329,92334
92330,92332
92331,92332
92333,92334
92335,71585
92337,71587
92338,71587
92339,71409
92340,93030
92342,94093
92344,69362
92348,70120
92350,77163
92352,71516
92353,71516
92355,68719
92357,71835
92361,71671
92365,93030
92366,91702
92367,71432
92369,71572
92371,91490
92374,69108
92375,71579
92376,92204
92377,71500
92379,92358
92382,93588
92385,71639
92387,69469
92388,71740
92390,70195
92391,69210
92394,87918
92395,93588
92398,71568
92403,68928
92403,68603
92409,69133
92411,69221
92412,69221
92413,70122
92414,92296
92415,70175
92416,70175
92417,70123
92418,93529
92419,70176
92420,92023
92422,71677
92425,71620
92427,91511
92431,92430
92435,92437
92436,70419
92438,91579
92439,71627
92440,68880
92442,71359
92449,71513
92450,92553
92454,92741
92456,68717
92457,69259
92458,71500
92459,69218
92460,69218
92461,69271
92462,68952
92468,71793
92469,70083
92471,92363
92475,68717
92476,71041
92477,71421
92479,71677
92481,71572
92482,69459
92483,70232
92487,71683
92489,68952
92490,71811
92493,93441
92497,91450
92498,71816
92500,68719
92501,68739
92502,68794
92507,71378
92509,71054
92510,92511
92513,71191
92517,76689
92518,92583
92523,94093
92524,88215
92525,71816
92526,92581
92530,71627
92531,71740
92533,69093
92535,88556
92536,103392
92537,68702
92538,70465
92539,91770
92541,68725
92541,68948
92543,69118
92544,111513
92546,69389
92547,87808
92551,68721
92552,93260
92557,69990
92558,68796
92558,68928
92559,68799
92560,70331
92562,68735
92565,71673
92566,71673
92567,68700
92568,71673
92569,71673
92570,71673
92571,71579
92572,92282
92574,71394
92580,92581
92586,92215
92588,92215
92590,69967
92590,68765
92591,92291
92593,68786
92598,121257
92599,92762
92600,71639
92601,92762
92603,71627
92606,71835
92608,92607
92609,93030
92613,92611
92615,92617
92618,92617
92619,93030
92620,92722
92624,68557
92625,68557
92627,71579
92628,71579
92629,71500
92630,71516
92631,68954
92632,68803
92633,92009
92635,69099
92637,71579
92638,69343
92638,69370
92644,92647
92650,78797
92651,68924
92652,71379
92654,71500
92655,93608
92656,92437
92658,93608
92659,71516
92664,71516
92665,68935
92666,70144
92667,70405
92669,71639
92674,68973
92674,68928
92675,68973
92675,68948
92676,90322
92678,90322
92679,71705
92681,92680
92682,70152
92682,68547
92683,70214
92683,70152
92684,70152
92684,70371
92685,68969
92685,70152
92686,70152
92686,69975
92688,92769
92692,92691
92693,71627
92698,71377
92713,68712
92714,71455
92717,92722
92719,92722
92720,92722
92721,69941
92727,71671
92729,71627
92730,87460
92731,91068
92732,68814
92733,68816
92734,93030
92735,68821
92737,93286
92738,97461
92738,93261
92743,68952
92744,87460
92745,71511
92746,71531
92748,92750
92751,68803
92759,71627
92761,92762
92763,71627
92764,71627
92768,69980
92768,70165
92770,92215
92771,71653
92773,92587
92775,68564
92778,71415
92781,68709
92790,71533
92791,68709
92792,70256
92793,71441
92797,69104
92798,69105
92799,69109
92801,69116
92802,69101
92805,103814
92807,92806
92808,91891
92809,91892
92812,71671
92814,71671
92816,69259
92821,71862
92822,68822
92824,92433
92825,68719
92826,68719
92828,68719
92828,69967
92829,92827
92837,70467
92839,92009
92840,92009
92841,92842
92844,70268
92847,69946
92850,71685
92852,69015
92853,68806
92855,71455
92857,71708
92858,68971
92864,71671
92868,93030
92871,92872
92873,71671
92874,103052
92875,90322
92877,69159
92879,70092
92880,70092
92881,71373
92888,91127
92889,71132
92890,69340
92892,69946
92894,92228
92897,87144
92906,93020
92909,71754
92911,69938
92912,69938
92914,68783
92917,68568
92918,68797
92919,68568
92920,68558
92922,88199
92930,70720
92930,69435
92931,71516
92935,92934
92937,71688
92940,93838
92941,71486
92946,92769
92947,91452
92949,69957
92953,71859
92954,68822
92956,68734
92959,83569
92961,90115
92962,71455
92963,70976
92963,68723
92964,68723
92965,71455
92966,68723
92966,70976
92967,71690
92972,71685
92974,68794
92975,68685
92976,93514
92978,68685
92979,68797
92980,71515
92982,68892
92985,93020
92986,70174
92988,104113
92988,104133
92990,70161
92990,70172
92990,70490
92991,70131
92993,74805
93001,103392
93002,103392
93003,103392
93004,70177
93004,68547
93005,70177
93005,69980
93006,70371
93006,70177
93007,70177
93007,70372
93008,68969
93008,70177
93009,70177
93009,70426
93010,68735
93010,68641
93011,70976
93011,68735
93013,91585
93018,71455
93022,71492
93024,71602
93025,71627
93026,71775
93027,71768
93029,91563
93031,93030
93032,68800
93033,92362
93034,68694
93035,87934
93037,70450
93038,70450
93040,69370
93042,69439
93048,70063
93049,70063
93050,70107
93051,71627
93052,71500
93054,69068
93054,71359
93055,71500
93059,91836
93060,68928
93063,69952
93067,91296
93069,91296
93069,100541
93083,71498
93084,68719
93086,93089
93087,71458
93091,87672
93092,93764
93093,71516
93095,70092
93098,69973
93102,70343
93107,68899
93108,88215
93112,71568
93120,92617
93124,71444
93125,71511
93127,71428
93130,71503
93131,68933
93134,93133
93135,69266
93137,93281
93138,68702
93139,68702
93140,69245
93142,132373
93146,92447
93147,92447
93155,68800
93158,68957
93160,93081
93161,71671
93164,71639
93165,69092
93167,100223
93171,87776
93177,71546
93178,71054
93183,71835
93186,68602
93187,92463
93188,87460
93189,68741
93190,68950
93191,71535
93195,93830
93199,92372
93202,93260
93203,93260
93204,92553
93205,92423
93206,71705
93207,68719
93208,92423
93209,68595
93210,91947
93212,93211
93217,93211
93218,71500
93221,71862
93225,70185
93226,70102
93227,70102
93230,71455
93232,68700
93232,71379
93233,92772
93235,70976
93235,68700
93236,71428
93236,68700
93237,68700
93237,68697
93238,71687
93239,92354
93240,71603
93241,71603
93244,71825
93246,71627
93247,71671
93249,69020
93256,69332
93258,69466
93263,68721
93272,71529
93273,71639
93273,71627
93274,93684
93278,71477
93283,71443
93284,71443
93288,93264
93290,99658
93291,70458
93292,71359
93294,69013
93295,68570
93310,71572
93313,68602
93314,68602
93315,78226
93316,71690
93321,70278
93322,71652
93323,70976
93324,92804
93328,70920
93331,71394
93332,69418
93336,93337
93339,71705
93340,71425
93341,92215
93342,70449
93343,71422
93345,92465
93347,69073
93348,69073
93349,69468
93352,69245
93353,92358
93354,91600
93355,69218
93356,69272
93357,69271
93358,71815
93359,71815
93360,69133
93361,68781
93363,71535
93363,71809
93366,92472
93367,71688
93368,69099
93369,93370
93373,68722
93374,69222
93375,69222
93376,69420
93379,68725
93379,68743
93380,69420
93381,69302
93383,68723
93385,68717
93386,68717
93387,90987
93387,94205
93390,69221
93393,71535
93398,70429
93398,70413
93401,93414
93402,69944
93403,69010
93404,70465
93407,93103
93408,93077
93409,70241
93409,68641
93412,93413
93415,68622
93416,71490
93417,69422
93426,69225
93427,69297
93428,71516
93431,71374
93432,71815
93434,71724
93436,71815
93437,92282
93439,69259
93444,69077
93446,71374
93448,71283
93449,68666
93450,69409
93451,69117
93454,71540
93457,69957
93459,68934
93460,71695
93461,93734
93464,69023
93467,71585
93468,93020
93469,93020
93472,91792
93473,91905
93476,91228
93477,69420
93478,68568
93481,92310
93482,71756
93483,69941
93485,69138
93486,69967
93487,71374
93488,70215
93489,69406
93490,68803
93494,68783
93497,93498
93499,69048
93500,69100
93501,93868
93502,91322
93509,71417
93513,93527
93517,68689
93518,68690
93519,68690
93520,93516
93524,91296
93530,88215
93531,88215
93535,92230
93537,92230
93543,91352
93545,71492
93550,69957
93551,71494
93552,91788
93553,69957
93554,91788
93556,92230
93560,71365
93562,87798
93565,71573
93566,71398
93571,69426
93579,71500
93580,71500
93581,70163
93581,70120
93583,70490
93583,70163
93584,93582
93585,71827
93587,68803
93589,68959
93591,93590
93592,68959
93593,93693
93596,68822
93597,93599
93600,70341
93601,68916
93602,68960
93603,69223
93609,68786
93615,93619
93616,91383
93620,93621
93623,103412
93629,93628
93634,71455
93636,71671
93643,99596
93645,92358
93646,71726
93648,71366
93649,93673
93651,68721
93652,69321
93655,93696
93656,93696
93661,91180
93665,71768
93666,70225
93668,71603
93669,91563
93674,71366
93676,93677
93678,92049
93679,68723
93681,75519
93682,75519
93685,69967
93685,68703
93686,69980
93686,68703
93687,68703
93687,68697
93688,93684
93690,91944
93691,71455
93695,69274
93697,93696
93700,71377
93701,71377
93702,92700
93703,91509
93705,68926
93706,68926
93707,78852
93710,71324
93711,93708
93715,93286
93717,93716
93718,93470
93719,93470
93720,68899
93724,68660
93726,71501
93727,71501
93728,93696
93729,71501
93732,69013
93733,92112
93735,71597
93736,71545
93741,69967
93741,68771
93742,68771
93743,68641
93743,68771
93744,71671
93747,93746
93748,92441
93749,87827
93757,93758
93760,71708
93761,71359
93766,93767
93769,70466
93770,70466
93772,69015
93775,70466
93778,93764
93781,69321
93783,93784
93785,69660
93786,71381
93788,71671
93792,70202
93793,99542
93794,99542
93795,92762
93797,69422
93798,71519
93799,69470
93799,70426
93801,69380
93802,92267
93803,71709
93804,71671
93805,68783
93807,92585
93808,93868
93812,68933
93813,68709
93819,69343
93819,69435
93820,71483
93827,83569
93832,70428
93836,87137
93837,69421
93839,69421
93843,71757
93848,69318
93849,90322
93850,71500
93851,68723
93851,70976
93853,68723
93853,94093
93854,68723
93854,68721
93855,68723
93855,68700
93856,71705
93858,71705
93860,71705
93861,93859
93862,71579
93863,71359
93864,71781
93865,69439
93866,68943
93869,91511
93871,71367
93874,71367
93875,71433
93876,71444
93877,71433
93891,71705
93892,93544
93933,93932
93935,87511
93936,71829
93937,93811
93939,92453
93941,93940
93942,71671
93944,93943
93946,93945
93948,71455
93950,70905
93950,68928
93951,68928
93951,70905
93952,68892
93955,93954
93959,92453
93960,87801
93963,71324
93971,93881
93972,93881
93982,93981
93983,92818
93985,68783
93990,87919
93991,92279
93992,68697
93997,87938
93998,69973
93999,93764
94003,92319
94005,71603
94007,71603
94008,69038
94010,71829
94012,94001
94015,69377
94017,70049
94017,70191
94021,94020
94022,70010
94022,70018
94045,71833
94046,69998
94048,94047
94050,68560
94052,69156
94053,71627
94056,94055
94061,93787
94062,93787
94063,93542
94085,91526
94088,91370
94089,68785
94090,92739
94094,94093
94098,71817
94099,68825
94102,71817
94103,71817
94120,99670
94126,91881
94166,68904
94166,93066
94167,71817
94172,93527
94177,93787
94178,71587
94181,83212
94185,69204
94186,69973
94191,94190
94192,94190
94193,94190
94194,94190
94195,94190
94196,94190
94197,94190
94198,94190
94199,94190
94200,94190
94207,94206
94208,94206
94210,94209
94211,94209
94212,70384
94325,70445
94326,91296
94348,94213
94359,71637
94368,94150
94369,94150
94373,94372
94374,94372
94375,94371
94376,94367
94377,94366
94380,68867
94380,68828
94386,68600
94389,129034
94391,70093
94392,68649
94393,68700
94394,93470
94395,69118
94396,69056
94403,69328
94403,69326
94407,68700
94409,87145
94410,68904
94410,68824
94412,87145
94413,103112
94414,68904
94415,68824
94415,87145
94416,87145
94416,71817
94421,68739
94422,69328
94423,69328
94819,87817
94820,94363
94821,94363
95052,97280
95109,95074
95110,95074
95111,95074
95112,95074
95113,95074
95114,95074
95115,95074
95116,95074
95117,95074
95118,95074
95120,95091
95122,95093
95123,95093
95124,95093
95125,95093
95126,95094
95139,95235
95146,95145
95148,100155
95149,97103
95154,100012
95157,96820
95168,97103
95176,95197
95184,100018
95184,95899
95188,100012
95195,100012
95203,95140
95211,95212
95216,100012
95219,95218
95229,95138
95230,95183
95231,95183
95232,95183
95233,95183
95234,95183
95236,95141
95237,95196
95238,95214
95239,95214
95240,95143
95242,95241
95243,95221
95244,95221
95245,95221
95246,95221
95247,95221
95248,95221
95271,95270
95272,95270
95273,95274
95279,100091
95298,95294
95307,95306
95308,95306
95309,95306
95310,95306
95318,95317
95323,95322
95331,95330
95334,97493
95340,95306
95342,95343
95362,95356
95367,95366
95369,95368
95370,95368
95379,95378
95380,95378
95395,95396
95399,95398
95409,95408
95410,95408
95413,95613
95413,95506
95422,97289
95434,95433
95441,95440
95449,95448
95450,97136
95458,95457
95462,95461
95464,95463
95465,95463
95466,95463
95467,95463
95468,95463
95469,95463
95470,95433
95484,95483
95484,95507
95485,95483
95485,95507
95493,95522
95499,95498
95503,95480
95510,95549
95528,95509
95530,100191
95531,100191
95534,95523
95536,100191
95537,95522
95544,95524
95545,95525
95546,95506
95547,95491
95548,95506
95550,95517
95551,95480
95552,95480
95553,95480
95554,95491
95555,95549
95556,95506
95557,95523
95558,95483
95559,95480
95559,95524
95559,95523
95560,95523
95563,95523
95564,95539
95565,95549
95566,95502
95567,95549
95568,95506
95569,95521
95570,95524
95571,95505
95572,95506
95617,95616
95617,95106
95617,95200
95617,100138
95618,95616
95624,95650
95625,97135
95629,95630
95651,95650
95673,95682
95674,96396
95675,96396
95676,95671
95677,95671
95678,95682
95685,97456
95688,95687
95690,97513
95691,97513
95693,95681
95695,97455
95697,96396
95698,95682
95699,95671
95707,97424
95708,97424
95709,97162
95710,97162
95726,97596
95731,95727
95738,95183
95739,97595
95740,97595
95741,95732
95742,97596
95743,95727
95764,95798
95765,99628
95770,95768
95773,95776
95783,95784
95787,97216
95788,97216
95789,97216
95790,97216
95799,95798
95800,95798
95813,95812
95814,95812
95825,95824
95837,95836
95882,97315
95883,97315
95884,97315
95887,95886
95889,96042
95895,96691
95895,95896
95898,93841
95902,95869
95906,95905
95909,95877
95913,95912
95914,95912
95915,95912
95917,95912
95927,97511
95932,97508
95963,95962
95964,96859
95965,96859
95966,96859
95972,95971
95974,97507
95976,95977
95998,96072
96009,96007
96012,96011
96013,96011
96014,95996
96029,95896
96032,96030
96034,96030
96035,96030
96048,95717
96056,97583
96056,96054
96059,96054
96061,96054
96062,96054
96064,96089
96068,96066
96069,96066
96076,95727
96081,96080
96082,97614
96083,97614
96086,97590
96090,96089
96091,96089
96120,95999
96121,95999
96135,96134
96136,96134
96137,96134
96139,96134
96140,96134
96162,95274
96183,95274
96197,96192
96224,96225
96226,96225
96228,96227
96229,96227
96255,96247
96262,97455
96276,96258
96324,96244
96330,96256
96331,96256
96332,96256
96333,96256
96334,96543
96335,96256
96339,96271
96340,96271
96341,96271
96342,96271
96343,96279
96344,96279
96345,96279
96346,96282
96347,96282
96348,96287
96349,96287
96350,96287
96351,96287
96352,96287
96353,96293
96354,96293
96355,96293
96356,96321
96365,96364
96366,96364
96384,96412
96407,96399
96425,96424
96425,96279
96425,96364
96432,96246
96435,96377
96436,96377
96438,95687
96448,148295
96471,97033
96476,96475
96478,96477
96479,97552
96480,97552
96525,96524
96576,96579
96631,97424
96636,95183
96655,96654
96656,97424
96657,97424
96658,97424
96659,97424
96660,97424
96661,97424
96664,96600
96669,96667
96670,96667
96671,96667
96672,96667
96673,96667
96680,96648
96682,95716
96690,96665
96694,96723
96704,96591
96709,96688
96711,96600
96725,96723
96727,96721
96734,97493
96749,96743
96758,96757
96772,96771
96821,95711
96831,96397
96834,96443
96836,95877
96837,95877
96842,96144
96843,96144
96844,96144
96845,96144
96846,96144
96847,96144
96881,95897
96881,96848
96894,95880
96919,96400
96931,95778
96933,96779
96937,97397
96937,95791
96941,96940
96979,96921
96986,96967
97006,97005
97013,96370
97014,96370
97030,96944
97034,97033
97035,97033
97036,97033
97037,97033
97046,97081
97052,97051
97053,97051
97059,100181
97067,97081
97072,97011
97074,96944
97079,97075
97080,97075
97125,95621
97127,97260
97184,92640
97184,69377
97259,70810
97266,97265
97267,97265
97268,68894
97272,94122
97273,94122
97275,97274
97284,95382
97308,95977
97309,95977
97327,96653
97338,96665
97342,96195
97346,100054
97352,95798
97357,97321
97362,96295
97363,97446
97366,136753
97370,96685
97382,97322
97384,95776
97387,99625
97398,96871
97400,96364
97403,95140
97409,95179
97413,95706
97416,95779
97416,96958
97431,95241
97438,95509
97451,100193
97476,70196
97476,70087
97497,95306
97505,95967
97506,95967
97514,96911
97518,97517
97520,97367
97521,97367
97522,97516
97523,97516
97528,95402
97528,95896
97530,97103
97531,96377
97535,96552
97539,96400
97543,97542
97544,95214
97545,97242
97546,96154
97547,96154
97548,96154
97549,96154
97550,96154
97564,97033
97567,97566
97569,95650
97570,96204
97577,97336
97587,96287
97588,96287
97589,96308
97591,97590
97594,97595
97600,97596
97604,96716
97613,96880
97618,96512
97619,96512
97622,97621
97624,97612
97627,97626
97627,96114
97628,97617
97633,97632
97640,97639
97641,97639
97642,97639
97643,97639
97644,97639
97645,97639
97646,97639
97648,96175
97648,96148
97655,97595
97659,96731
97663,97662
97664,97498
97665,97498
97670,96517
97671,96517
97701,97700
97703,98184
97705,97940
97706,98175
97707,98175
97709,97814
97710,97929
97711,98029
97714,98036
97715,97802
97720,97716
97720,97719
97721,98044
97721,97887
97724,98171
97725,98044
97727,98179
97728,97702
97730,97802
97732,98175
97733,98029
97735,98123
97736,98123
97738,97800
97739,97944
97742,97741
97743,98286
97744,97866
97744,98044
97745,97741
97746,97944
97747,97957
97748,97957
97751,97889
97752,97863
97753,98171
97754,98044
97754,97999
97755,98286
97757,98101
97758,98286
97759,98287
97760,98223
97761,98036
97762,98307
97763,97944
97765,98013
97766,97737
97767,97737
97768,97737
97769,97717
97770,98171
97771,97843
97773,98013
97775,98044
97778,98171
97780,98013
97781,98171
97782,97731
97783,98013
97784,98013
97785,98013
97786,97833
97787,98013
97789,98171
97790,98171
97791,98028
97792,98223
97794,97793
97795,97793
97796,97793
97797,98075
97799,97803
97801,98171
97804,98075
97806,98029
97807,97908
97811,97809
97811,98147
97812,98241
97812,97809
97815,97944
97816,98075
97817,97866
97817,98044
97818,97928
97819,98171
97820,97800
97822,98123
97823,97957
97824,97887
97825,97802
97826,98171
97829,98241
97829,97827
97831,98029
97832,97835
97837,98013
97838,98029
97839,97737
97841,97840
97842,97840
97842,98241
97846,98283
97847,98075
97848,98236
97849,98131
97851,98075
97852,97944
97853,98287
97854,98287
97855,97944
97856,97708
97857,97719
97858,97992
97859,98171
97860,97737
97861,98029
97862,97863
97864,98171
97865,98171
97867,98307
97868,98171
97869,98171
97870,98171
97871,97957
97872,98171
97874,98171
97875,98242
97877,97800
97878,98287
97879,98171
97880,97800
97881,97800
97882,97957
97883,98171
97884,97944
97885,98028
97885,98044
97886,98287
97888,98134
97890,98171
97893,97892
97893,97843
97894,98075
97895,97944
97896,97800
97897,98044
97897,97944
97898,98075
97899,98171
97900,97944
97901,98171
97904,98307
97905,98307
97907,98013
97909,97940
97910,97717
97913,98238
97920,97777
97922,97777
97924,97923
97925,98044
97925,97999
97926,98171
97927,98171
97930,98171
97931,98029
97933,98044
97933,97800
97934,98216
97937,98144
97938,97803
97941,98144
97945,97944
97945,97840
97946,97944
97948,98171
97949,98040
97950,98307
97951,98171
97953,97944
97954,98173
97955,98171
97958,97908
97959,97863
97960,97800
97961,98171
97962,97957
97964,97963
97965,98307
97966,98307
97967,98307
97967,97932
97968,97917
97969,98029
97970,97737
97971,98171
97972,97737
97973,98075
97975,98173
97976,98171
97978,98171
97979,97800
97981,97944
97983,97984
97985,97999
97986,98036
97987,97734
97988,97717
97989,97944
97990,98148
97994,97944
97995,97741
97996,98236
97996,97866
97996,98044
97997,98175
97998,98044
98001,97944
98002,98003
98004,98171
98005,98029
98006,98171
98008,97734
98009,98013
98010,97821
98011,97921
98012,98171
98014,98013
98015,98171
98016,97932
98016,98131
98017,98044
98017,97866
98019,97866
98019,98044
98020,97866
98021,98171
98027,98062
98027,98026
98030,98171
98032,98194
98033,98171
98034,97821
98035,97940
98038,97777
98039,98040
98042,98171
98043,98036
98048,97957
98049,97917
98050,97917
98051,98028
98052,98144
98054,98216
98055,98223
98056,98287
98057,97957
98059,97737
98060,98028
98063,98237
98064,98013
98065,98171
98066,98067
98068,98067
98070,98183
98071,97944
98072,97944
98073,97993
98076,97800
98077,98175
98078,98075
98079,98075
98084,98083
98085,98044
98086,97802
98088,98087
98091,98171
98092,97800
98094,97800
98094,98044
98095,98286
98096,98171
98097,98171
98098,98044
98099,97908
98100,98171
98102,98044
98102,97866
98103,98175
98105,97944
98106,98044
98106,97999
98108,98107
98112,98113
98114,97887
98115,97887
98122,98123
98125,98171
98127,98223
98129,98131
98129,98044
98130,98131
98132,97741
98135,97944
98136,98138
98137,98194
98139,98171
98140,98171
98141,98171
98142,98171
98146,98175
98149,97957
98151,98123
98152,98171
98153,98194
98154,98123
98155,98036
98158,97750
98159,98171
98160,97944
98161,97944
98163,97777
98163,98235
98166,97702
98167,98134
98168,98171
98169,97800
98172,98175
98176,97944
98177,98179
98178,97944
98182,98181
98187,98044
98190,98013
98192,98044
98196,97866
98196,98044
98198,98171
98200,98171
98201,98013
98202,98171
98203,98171
98204,97737
98205,98171
98206,98171
98207,97777
98208,98213
98209,98171
98210,98029
98211,97957
98212,97863
98214,98036
98215,97737
98217,98075
98218,98024
98221,98174
98222,98044
98222,97866
98224,97800
98225,98131
98226,98229
98227,98171
98228,97928
98228,98194
98230,98036
98233,98075
98234,98044
98240,98171
98244,98044
98244,98181
98245,98287
98246,98123
98247,98171
98248,98028
98249,98003
98250,97887
98251,97887
98251,98044
98252,97833
98253,98260
98253,98044
98254,98287
98255,98287
98256,98287
98257,97908
98258,97908
98259,98260
98261,98223
98263,98147
98264,98045
98266,98044
98266,98181
98267,97940
98268,98044
98268,97999
98269,98044
98269,97999
98270,97944
98271,97777
98272,97734
98273,97734
98274,97999
98275,98171
98277,97957
98278,97957
98279,98280
98281,98029
98284,98029
98285,98171
98288,98013
98289,98013
98290,97737
98291,97957
98292,98075
98294,98123
98295,98123
98296,97809
98297,98171
98299,98171
98300,97737
98302,98307
98304,98171
98306,98044
98306,97999
98308,98171
98309,98307
98310,97932
98311,98307
99536,92358
99540,71859
99541,92691
99545,92602
99546,92997
99548,99547
99549,99547
99553,99657
99554,99660
99556,99659
99557,71860
99558,71860
99560,70107
99562,71761
99563,93224
99564,93475
99565,93475
99583,99582
99589,93831
99590,93831
99591,100006
99592,71415
99592,93881
99593,69715
99594,69715
99615,95185
99616,95183
99623,95426
99634,68754
99643,103814
99644,103814
99645,103814
99646,71444
99649,100207
99653,70024
99654,70068
99655,70113
99656,70069
99661,93683
99671,70190
99671,70096
99964,69005
99965,69004
99966,69002
99973,99974
99978,97291
99979,97291
99980,84570
99981,84570
99983,99982
99983,78253
99984,99982
99984,78253
99985,99982
99985,78253
99986,99982
99986,78253
99987,99975
99988,84571
99989,84565
99990,97291
99991,97291
99992,84569
99993,84569
99994,97291
99995,97291
99996,142985
99997,142985
99998,84570
99999,84570
100013,97103
100032,95805
100033,95797
100050,100048
100053,95663
100060,95224
100072,96723
100074,96533
100081,97424
100089,96721
100090,96721
100101,96256
100103,96761
100108,97554
100113,97069
100114,97669
100115,97668
100120,95356
100125,95509
100133,100132
100134,95877
100136,95977
100137,95912
100139,95408
100140,95408
100145,95074
100150,95391
100154,96932
100160,100159
100163,96911
100182,100152
100183,100152
100185,96250
100187,96317
100190,95899
100194,69041
100199,100198
100200,100198
100201,91905
100202,92833
100203,100022
100205,99672
100208,98075
100218,140357
100219,91184
100219,71830
100222,103112
100225,93335
100227,100226
100230,93266
100234,100500
100235,100505
100236,100505
100237,100504
100238,100504
100239,100352
100240,100504
100241,100447
100242,100352
100243,100503
100244,100502
100245,100502
100246,100502
100247,100501
100248,100465
100249,100303
100249,100256
100250,100323
100250,100256
100251,100386
100251,100256
100252,100256
100252,100411
100253,100256
100253,100412
100254,100481
100254,100256
100255,100485
100255,100256
100257,100256
100257,100497
100265,100401
100266,100401
100267,100403
100268,100481
100269,100405
100270,100465
100276,100319
100282,100307
100288,100319
100289,100465
100293,100349
100297,111714
100298,100457
100313,100319
100325,100477
100327,100421
100328,100329
100333,100332
100340,100278
100351,100412
100353,100465
100360,100421
100363,100364
100371,100319
100373,100465
100376,100421
100381,100379
100393,100490
100399,100401
100415,100278
100422,100423
100427,111713
100430,138609
100434,100319
100442,100272
100448,100319
100449,100311
100454,100307
100464,100272
100469,100272
100470,100421
100475,147517
100476,100272
100488,100421
100508,100507
100509,100507
100513,87554
100535,91041
100536,91041
100537,93399
100542,69156
100544,91292
102678,100510
102678,97291
102678,87962
102679,84565
102679,142985
102679,97291
102679,84570
102689,97914
102992,71463
103012,71463
103072,94047
103113,103112
103132,93066
103133,93066
103134,93066
103152,93266
103173,103172
103773,100540
103774,100540
103873,69184
103874,70410
103875,90197
103954,103953
103973,90949
104013,104113
104014,104113
104299,104298
104303,104301
104312,104311
104313,104311
104314,104311
104338,104337
104345,104344
104449,104448
104457,104456
104460,104459
104464,104463
104479,104477
104484,104483
104498,104497
104540,104539
104561,104566
104608,143339
104611,104610
104643,107933
104655,104656
104667,106228
104675,104674
104689,104688
104697,104696
104701,140149
104715,104714
104726,143291
104726,143290
104731,143270
104733,104732
104744,104743
104747,143272
104768,104767
104769,104766
104775,108033
104784,104783
104789,104788
104795,140581
104801,104800
104824,104823
104833,104831
104834,104832
104859,104857
104879,105502
104880,105502
104881,143273
104888,104886
104889,104887
104900,104913
104904,104903
104939,104938
104956,104955
104957,104955
104965,104966
104971,104970
104984,104963
104987,104986
104989,104990
105020,105019
105022,105021
105040,105039
105060,105059
105100,105098
105125,105123
105139,105154
105139,104606
105153,104606
105153,105154
105179,105177
105186,105185
105190,105189
105204,105203
105206,105205
105211,105210
105222,105223
105226,105224
105230,105229
105239,105240
105249,105248
105289,105288
105291,105290
105297,141029
105320,105319
105328,105327
105332,105331
105338,105337
105356,105355
105380,105379
105381,105379
105422,105421
105424,105423
105427,105426
105436,105435
105437,105435
105442,105441
105467,143277
105488,105487
105503,105502
105505,105504
105506,105504
105542,105541
105545,105544
105566,105565
105581,143273
105616,105615
105624,105623
105641,140573
105659,144260
105694,105696
105699,105698
105701,105700
105703,105702
105709,108313
105719,105718
105729,105728
105749,143311
105767,105765
105768,108393
105771,105770
105819,105818
105872,105871
105875,108373
105926,105925
105938,105937
105981,105980
105998,105997
106006,106005
106039,106038
106040,106038
106049,106048
106075,106284
106093,106079
106094,106079
106096,106095
106133,106132
106134,106132
106137,106136
106142,106143
106173,106174
106180,106179
106248,106247
106264,106263
106283,106282
106287,106286
106293,106304
106330,106329
106331,106329
106349,106348
106379,139958
106402,106401
106406,106405
106409,106408
106459,106458
106461,106460
106493,106483
106501,106500
106502,106500
106539,108814
106552,106551
106584,106583
106632,106631
106636,106635
106637,106635
106638,106640
106639,106640
106650,106649
106654,106653
106655,106653
106657,106656
106668,106667
106698,106697
106705,106710
106709,106708
106712,106711
106729,106728
106736,106734
106750,106749
106776,106775
106868,106867
106893,106873
106895,106894
106923,68853
107173,68596
107213,105209
107353,107333
107473,93823
107513,104830
107516,107515
107993,103112
108333,106735
108533,105650
108593,106965
108594,106965
108634,106972
108754,108753
108774,107576
108775,107577
108776,107578
108777,106977
108876,108875
109274,83086
109674,109673
110053,93619
110054,93619
110573,93260
111113,100396
111193,111173
111425,111363
111431,111426
111437,125553
111438,125554
111439,111333
111440,111373
111473,76351
111553,111513
111573,82940
111654,111653
118954,118953
119033,76689
119074,118873
119075,118873
119373,87721
119413,68725
119433,93399
119513,91082
121253,71785
121259,140357
121262,68595
121263,68673
121264,78213
121273,70331
121373,94214
122495,94190
122496,94190
122497,94190
122498,94190
122501,94190
122502,69968
122503,70216
122504,94205
122505,94206
122506,94209
122507,94209
122508,94209
122509,94209
122512,122493
122513,94209
122515,122514
122517,94206
122519,97483
122674,135015
129033,92516
129036,129035
129037,129035
129038,69317
129039,69317
129040,69328
129041,69414
129042,69317
129044,71511
130013,69378
130153,68928
130153,127993
130194,130193
130213,147270
130373,69278
131400,131399
131954,131953
133094,133093
133095,133093
133197,137216
133233,138543
133293,105878
133573,91455
133656,133655
133673,91598
134742,136306
134742,136307
134750,135196
134754,135190
134755,135198
134765,135235
134766,134760
134861,134810
134871,134870
135163,134720
135163,134721
135163,134719
135164,134719
135165,134720
135166,134721
135167,134719
135168,134719
135169,134724
135170,134725
135171,134720
135172,134720
135173,134732
135173,134731
135174,134732
135174,134733
135175,134733
135176,134735
135177,134737
135177,134736
135178,134722
135179,134847
135180,134848
135192,135191
135199,135197
135200,135194
135221,135203
135222,135219
135225,135220
135236,135230
135237,135235
135237,135230
135238,135229
135239,134745
135241,134812
135242,134812
135246,135245
135254,135244
135255,135244
135256,135244
135257,135250
135320,135318
135321,135317
136072,136071
136074,136073
136076,136075
136078,136077
136080,136079
136082,136081
136084,136083
136086,136085
136088,136087
136090,136089
136092,136091
136094,136093
136096,136095
136098,136097
136100,136099
136102,136101
136104,136103
136106,136105
136108,136107
136110,136109
136112,136111
136116,136115
136119,136118
136121,136120
136123,136122
136125,136124
136128,136126
136128,136127
136130,136129
136132,136131
136134,136133
136136,136135
136138,136137
136141,136139
136142,136140
136144,136143
136146,136145
136148,136147
136150,136149
136152,136151
136155,136154
136159,136158
136161,136160
136163,136162
136165,136164
136167,136166
136169,136168
136171,136170
136173,136172
136175,136174
136177,136176
136179,136178
136181,136180
136183,136182
136185,136184
136188,136187
136190,136189
136192,136191
136194,136193
136195,136193
136197,136196
136199,136198
136216,136210
136253,138546
136291,135235
136317,136316
136318,136315
136320,136319
136322,136321
136329,136321
136334,136332
136336,136335
136339,136338
136341,136340
136344,136343
136346,136345
136349,136348
136350,136348
136352,134872
136358,136357
136361,136360
136363,136362
136389,136356
136412,136411
136413,136411
136513,138532
136514,138533
136515,138534
136516,138535
136517,138536
136518,138537
136519,138538
136520,138539
136523,138540
136527,136526
136528,138541
136590,137207
136710,140069
136752,96250
137059,96154
137060,96154
137075,137074
137078,95794
137080,96691
137081,96723
137083,96958
137083,95779
137085,96691
137087,137086
137175,97424
137181,137180
137188,104620
137210,136610
137222,137221
137230,137151
137233,111426
137240,137236
137251,137252
137257,137256
137261,138395
137262,137750
137266,137628
137267,137628
137269,137961
137270,137277
137272,137628
137276,137277
137283,137499
137283,138407
137290,137300
137291,137477
137301,138143
137305,137296
137312,137420
137314,137323
137321,137348
137330,137884
137359,137358
137369,137739
137374,137371
137381,138170
137391,137961
137392,137851
137403,137401
137405,137404
137410,138404
137433,137894
137435,137436
137437,137441
137440,137439
137442,137443
137449,137448
137462,137662
137473,137472
137483,138988
137494,138023
137495,137245
137496,138330
137503,138980
137508,138182
137529,137528
137531,137380
137534,138430
137537,138182
137546,138988
137555,138239
137570,137596
137575,138143
137613,137294
137629,138056
137630,138056
137631,138404
137633,137634
137635,137634
137647,137658
137659,137662
137672,137280
137675,137582
137678,138187
137684,138164
137702,137701
137707,137497
137728,137729
137730,137729
137731,137729
137734,137427
137735,137634
137745,137348
137748,138214
137790,137316
137791,137317
137796,137953
137802,137654
137808,140396
137822,137581
137835,138278
137838,137824
137841,137953
137959,137826
137963,137952
138004,138003
138021,137491
138045,138044
138065,138063
138078,137628
138089,137662
138108,137475
138115,137375
138132,138954
138133,137626
138167,138024
138171,137855
138181,137469
138190,137326
138193,138192
138194,138192
138196,137450
138233,137811
138253,137628
138285,138283
138298,138299
138326,138275
138327,137365
138354,138063
138373,137411
138382,138268
138391,137366
138393,137810
138399,137953
138402,138401
138405,137411
138413,138411
138438,138061
138440,137714
138441,137714
138462,137216
138463,137228
138483,135606
138545,138542
138835,68586
138836,137377
138837,137390
138838,137390
138839,137425
138840,137431
138841,137431
138842,137431
138843,137974
138858,139016
138861,138860
138864,138863
138865,138863
138868,138867
138869,138867
138873,138872
138892,138881
138893,138881
138894,138881
138898,138897
138909,138908
138910,138908
138942,137273
138943,137274
138945,137544
138946,137541
138947,138913
138949,138948
138950,137365
138951,137413
138953,137432
138956,137450
138958,138179
138959,137569
138960,138143
138961,138143
138962,138143
138965,138381
138969,137664
138972,138162
138974,138973
138976,137459
138977,138409
138978,137536
138979,137867
138989,138988
138990,137562
138991,137562
138992,137562
138993,137562
139002,138218
139006,138365
139013,139011
139030,139029
139042,138268
139044,138357
139045,138358
139054,125533
139066,139064
139092,140396
139096,137051
139111,139110
139113,137682
139317,78253
139350,98013
139386,107893
139429,139627
139430,139627
139552,138881
139613,97131
139619,139356
139620,139356
139621,139356
139623,139403
139628,139432
139635,139512
139637,139535
139638,139535
139639,139535
139640,139537
139641,139537
139642,139565
139644,139592
139646,139516
139752,139751
139756,139744
139758,98143
139767,139634
139799,137249
139842,139828
139843,139772
140066,139129
140067,136950
140068,138696
140070,138698
140076,139857
140077,139857
140078,139780
140079,139102
140080,139847
140083,140082
140085,70720
140087,69167
140091,93988
140103,92158
140106,140099
140107,140099
140127,140126
140129,140082
140130,91953
140132,140122
140150,140148
140155,140153
140159,139812
140160,139805
140168,140167
140180,140163
140181,140163
140182,70212
140183,70212
140184,140171
140194,70249
140197,140196
140205,140191
140206,140191
140208,140207
140209,140207
140211,140201
140212,140201
140221,138486
140221,111513
140224,68977
140232,140231
140233,140231
140234,140231
140236,68557
140253,140081
140256,140255
140257,140255
140275,140272
140276,140272
140278,140277
140296,140295
140298,70425
140319,140318
140322,70212
140337,140338
140340,140334
140345,140344
140352,83169
140369,144177
140370,144177
140377,140366
140392,140390
140393,140389
140395,140394
140397,70362
140397,70361
140398,70361
140402,140156
140404,140136
140405,140136
140408,137249
140421,151397
140422,124794
140423,137214
140435,140434
140436,140434
140438,140297
140445,140446
140460,140459
140461,102713
140462,102712
140463,98157
140467,140466
140468,140466
140492,140339
140514,140513
140523,140522
140534,140533
140535,140533
140537,140357
140538,140357
140563,140562
140771,70998
141031,141030
141133,141132
141175,106761
141180,141179
141187,141186
141218,141217
141246,141245
141248,70203
141251,141212
141276,139408
141279,139385
141285,104566
141332,141331
141333,141331
141387,141277
141405,137151
141430,141231
141432,141238
141433,141242
141440,141439
141449,92180
141455,141454
141456,141454
141508,141181
141508,141179
141509,140829
141509,140830
141887,105676
141888,104558
141897,141675
141898,141676
141983,97776
141989,91193
141992,71724
141992,70202
141997,70354
142002,71099
142003,70165
142003,70124
142013,139357
142041,142031
142042,141168
142045,141275
142072,70040
142073,104253
142091,68807
142091,91386
142110,142122
142112,142188
142114,142188
142115,142188
142116,142118
142123,142124
142127,142113
142130,142129
142133,142180
142134,142180
142143,142167
142163,142183
142168,142167
142190,142191
142192,142191
142204,142203
142206,142205
142210,142209
142213,142102
142219,142217
142220,142218
142885,100112
142934,141198
142935,95094
142936,95094
142937,95096
142938,142896
142939,142899
142940,142911
142941,142911
142942,142914
142943,142917
142944,142921
142945,142921
142947,142892
142947,142901
142947,142902
142947,142903
142947,142910
142956,142955
142967,143016
142978,142111
142991,68628
142996,71768
142996,71528
143004,68805
143011,94418
143025,143484
143170,143535
143177,71229
143227,95705
143236,96113
143238,95396
143246,96054
143294,143290
143295,143290
143296,143290
143312,139958
143313,139958
143320,106844
143334,143333
143335,143332
143338,105208
143340,143339
143341,104993
143380,142093
143381,142093
143383,99577
143389,70321
143428,143257
143437,143433
143463,106737
143464,106737
143479,143478
143481,140988
143491,143030
143492,142074
143496,92203
143497,137945
143499,143498
143501,143500
143536,143370
143537,69176
143546,140555
143548,140784
143576,71785
143582,144462
143708,144463
143799,142873
143950,144464
143996,106691
144001,144000
144010,144009
144011,144009
144017,144016
144019,106747
144021,144020
144022,144020
144023,144020
144024,104820
144037,140187
144057,144056
144061,144060
144067,144066
144068,144066
144069,106691
144072,104623
144073,104623
144074,105288
144076,144075
144082,144081
144083,144081
144084,144081
144085,144081
144093,144092
144110,144109
144111,144109
144112,144109
144113,144109
144118,106457
144120,144119
144121,144119
144129,144128
144131,144130
144135,144134
144136,106384
144137,104955
144143,144142
144147,105053
144166,105078
144167,105078
144169,144168
144170,144168
144198,105310
144200,144199
144205,105675
144209,144208
144210,105267
144218,144217
144228,104827
144229,105457
144230,106521
144238,144237
144243,144242
144261,104716
144262,105603
144263,105705
144265,144264
144266,105637
144274,144273
144280,144279
144305,105964
144342,144293
144360,144359
144371,144370
144389,144387
144410,144409
144412,144411
144416,106521
144417,106541
144423,144422
144429,106718
144441,144440
144443,144442
144444,104482
144460,106514
144461,106536
144512,142203
144524,142177
144525,142177
144526,142151
144527,142151
144558,144556
144560,96397
144584,106034
144588,142011
144589,142004
144590,142004
144600,144599
144992,104388
145063,145062
145115,145118
145116,145118
145117,145118
145119,145174
145136,145139
145137,145140
145138,145141
145159,145157
145163,146334
145166,145167
145169,146353
145170,145132
145170,145176
145204,145305
145207,145255
145228,145281
145229,145298
145233,145295
145242,145221
145244,145227
145247,145330
145256,145236
145286,145284
145290,145187
145294,145284
145308,145259
145385,145384
146332,71390
146335,146334
146336,146334
146338,146337
146348,146347
146349,99538
146358,92762
146399,91528
146400,91528
146401,91528
146402,91528
146413,146412
146427,146426
146428,146426
146442,138148
147251,93598
147252,93598
147253,71534
147253,93598
147254,71534
147254,93598
147260,145158
147261,145158
147262,145158
147263,145153
147264,145114
147283,147282
147287,146347
147288,145175
147289,145175
147290,145143
147291,145144
147292,145158
147293,145135
147294,145172
147295,145172
147296,145172
147300,147308
147301,145176
147301,145132
147302,145176
147302,145132
147303,145147
147304,145147
147318,147317
147330,145118
147486,147483
147487,105745
148076,145142
148077,145142
148286,142915
148289,142908
148289,142911
148290,142931
148291,142911
148291,142908
148292,142911
148292,142908
148293,142931
148294,142931
148300,148299
148301,141192
148309,97428
148311,148310
148317,148316
148318,148316
148356,148354
148357,148344
148360,148359
148360,148361
148368,148367
148375,148374
148375,148377
148376,148374
148379,148378
148380,148378
148382,148378
148383,148378
148385,148384
148386,148384
148390,148389
148393,148392
148417,148416
148418,148416
148426,148425
148428,148427
148430,148429
148435,148434
149202,97365
149203,149194
149212,144563
151268,70171
151400,151399
151465,151464
151466,151464
151467,87943
151468,100233
151482,151481
151489,137502
151497,151496
151498,151496
151568,151567
151799,151798
151825,151824
151830,151829
151885,151884
151886,151884
151887,151884
151888,151884
151889,151881
151891,71367
151892,91497
151894,151893
151923,141233
151927,151926
151933,95954
151943,100439
151945,96375
151948,100070
152378,152377
152406,152405
152409,152408
152421,105925
152428,152427
152435,152434
152444,147521
152456,147310
152465,152464
152466,152464
152472,95169
152479,152478
152509,70228
152511,100347
152512,152510
152572,106969
159129,91532
159130,91532
159153,68673
159163,159160
159172,70384
159173,70268
159201,70114
159205,70088
159208,152578
159211,159210
159216,159215
159220,159219
159221,92856
159236,159235
159259,159258
159260,159258
159269,159268
159328,92617
159329,92617
159330,92291
159334,159333
160146,160145
160150,78253
160249,160248
160261,160260
160263,160262
160266,160265
160268,160267
160270,160269
160272,160271
160282,104073
160283,104073
160284,104073
160286,104073
160287,104073
160293,142962
160299,160298
160302,160301
160304,160303
160306,160305
160307,160305
160308,160305
160311,160310
160312,160309
160322,160321
160323,140346
160324,140201
160325,140487
160331,160329
160332,160330
160334,160333
160335,140493
160336,140494
160337,87650
160338,140495
160340,160339
160341,130113
160344,160343
160350,100507
160354,99538
160357,160356
160358,109354
160361,100217
160372,160371
160381,160380
160385,94361
160404,109353
160413,160412
160414,142994
160447,142093
160503,68885
160505,68875
160506,68875
160507,70209
160512,160511
160532,160531
162565,141942
162566,141942
162567,159325
162570,68569
162570,68568
162571,68569
162572,70920
162573,92843
162574,68582
162575,68582
162576,68582
162639,71746
162655,162654
162692,100487
162693,100487
162695,162694
162697,162696
162699,162698
162700,140495
162701,140495
162712,70207
162713,69048
162714,71359
162716,94190
162717,141446
162718,141446
162719,160217
162720,71687
162729,68892
162753,162752
162754,162752
162755,162752
162756,94405
162757,94405
162758,94405
162759,94397
162813,93285
162832,69962
162852,70033
162854,70266
162875,92263
162876,69346
162877,70467
162878,68596
162879,68561
162880,162872
162881,162872
162882,162872
162883,87705
162884,162853
162893,69292
162895,162894
162895,69292
162913,162912
162952,69097
162953,70061
162953,71708
162954,92453
162955,91498
162955,69068
162956,68957
162957,93758
162960,162959
162961,140366
162962,69998
162963,100212
162964,92010
162965,68703
162965,159206
162966,159206
162966,68716
162968,162967
162970,160408
162971,91259
162972,91259
162973,91259
162974,69936
162975,68694
162976,91085
162977,91285
162978,70436
162979,69365
162980,69365
162981,92100
162982,69149
162983,70918
162985,94404
162986,69063
162987,92602
162987,99559
162988,91788
162989,135016
162991,71835
162992,140366
162992,69939
162993,93534
162993,69939
162994,69939
162994,71642
163012,91548
163013,71675
163014,92289
163014,92291
163015,152708
163016,139780
163018,163017
163021,71596
163022,92268
163023,160510
163052,69319
163054,69939
163054,140366
163055,71666
163056,76689
163072,100502
163092,100342
163112,144488
163132,100355
163133,139837
163219,71540
163239,92448
163240,91919
163249,163248
163866,93286
163872,163871
164002,70382
164118,164117
164119,70232
164120,139424
164121,70375
164122,145009
164123,70375
164124,91354
164125,159279
164140,99982
164174,92994
164179,94173
164181,90990
